,URLS
0,https://olympics.com/en/olympic-games/beijing-2022/results/alpine-skiing
1,https://olympics.com/en/olympic-games/beijing-2022/results/biathlon
2,https://olympics.com/en/olympic-games/beijing-2022/results/bobsleigh
3,https://olympics.com/en/olympic-games/beijing-2022/results/cross-country-skiing
4,https://olympics.com/en/olympic-games/beijing-2022/results/curling
5,https://olympics.com/en/olympic-games/beijing-2022/results/figure-skating
6,https://olympics.com/en/olympic-games/beijing-2022/results/freestyle-skiing
7,https://olympics.com/en/olympic-games/beijing-2022/results/ice-hockey
8,https://olympics.com/en/olympic-games/beijing-2022/results/luge
9,https://olympics.com/en/olympic-games/beijing-2022/results/nordic-combined
10,https://olympics.com/en/olympic-games/beijing-2022/results/short-track-speed-skating
11,https://olympics.com/en/olympic-games/beijing-2022/results/skeleton
12,https://olympics.com/en/olympic-games/beijing-2022/results/ski-jumping
13,https://olympics.com/en/olympic-games/beijing-2022/results/snowboard
14,https://olympics.com/en/olympic-games/beijing-2022/results/speed-skating
15,https://olympics.com/en/olympic-games/tokyo-2020/results/3x3-basketball
16,https://olympics.com/en/olympic-games/tokyo-2020/results/archery
17,https://olympics.com/en/olympic-games/tokyo-2020/results/artistic-gymnastics
18,https://olympics.com/en/olympic-games/tokyo-2020/results/artistic-swimming
19,https://olympics.com/en/olympic-games/tokyo-2020/results/athletics
20,https://olympics.com/en/olympic-games/tokyo-2020/results/badminton
21,https://olympics.com/en/olympic-games/tokyo-2020/results/baseball-softball
22,https://olympics.com/en/olympic-games/tokyo-2020/results/basketball
23,https://olympics.com/en/olympic-games/tokyo-2020/results/beach-volleyball
24,https://olympics.com/en/olympic-games/tokyo-2020/results/boxing
25,https://olympics.com/en/olympic-games/tokyo-2020/results/canoe-slalom
26,https://olympics.com/en/olympic-games/tokyo-2020/results/cycling-bmx-freestyle
27,https://olympics.com/en/olympic-games/tokyo-2020/results/cycling-bmx-racing
28,https://olympics.com/en/olympic-games/tokyo-2020/results/cycling-mountain-bike
29,https://olympics.com/en/olympic-games/tokyo-2020/results/cycling-road
30,https://olympics.com/en/olympic-games/tokyo-2020/results/cycling-track
31,https://olympics.com/en/olympic-games/tokyo-2020/results/diving
32,https://olympics.com/en/olympic-games/tokyo-2020/results/equestrian
33,https://olympics.com/en/olympic-games/tokyo-2020/results/fencing
34,https://olympics.com/en/olympic-games/tokyo-2020/results/football
35,https://olympics.com/en/olympic-games/tokyo-2020/results/golf
36,https://olympics.com/en/olympic-games/tokyo-2020/results/handball
37,https://olympics.com/en/olympic-games/tokyo-2020/results/hockey
38,https://olympics.com/en/olympic-games/tokyo-2020/results/judo
39,https://olympics.com/en/olympic-games/tokyo-2020/results/karate
40,https://olympics.com/en/olympic-games/tokyo-2020/results/marathon-swimming
41,https://olympics.com/en/olympic-games/tokyo-2020/results/modern-pentathlon
42,https://olympics.com/en/olympic-games/tokyo-2020/results/rhythmic-gymnastics
43,https://olympics.com/en/olympic-games/tokyo-2020/results/rowing
44,https://olympics.com/en/olympic-games/tokyo-2020/results/rugby-sevens
45,https://olympics.com/en/olympic-games/tokyo-2020/results/sailing
46,https://olympics.com/en/olympic-games/tokyo-2020/results/shooting
47,https://olympics.com/en/olympic-games/tokyo-2020/results/skateboarding
48,https://olympics.com/en/olympic-games/tokyo-2020/results/sport-climbing
49,https://olympics.com/en/olympic-games/tokyo-2020/results/surfing
50,https://olympics.com/en/olympic-games/tokyo-2020/results/swimming
51,https://olympics.com/en/olympic-games/tokyo-2020/results/table-tennis
52,https://olympics.com/en/olympic-games/tokyo-2020/results/taekwondo
53,https://olympics.com/en/olympic-games/tokyo-2020/results/tennis
54,https://olympics.com/en/olympic-games/tokyo-2020/results/triathlon
55,https://olympics.com/en/olympic-games/tokyo-2020/results/volleyball
56,https://olympics.com/en/olympic-games/tokyo-2020/results/water-polo
57,https://olympics.com/en/olympic-games/tokyo-2020/results/weightlifting
58,https://olympics.com/en/olympic-games/tokyo-2020/results/wrestling
59,https://olympics.com/en/olympic-games/pyeongchang-2018/results/alpine-skiing
60,https://olympics.com/en/olympic-games/pyeongchang-2018/results/biathlon
61,https://olympics.com/en/olympic-games/pyeongchang-2018/results/bobsleigh
62,https://olympics.com/en/olympic-games/pyeongchang-2018/results/cross-country-skiing
63,https://olympics.com/en/olympic-games/pyeongchang-2018/results/curling
64,https://olympics.com/en/olympic-games/pyeongchang-2018/results/figure-skating
65,https://olympics.com/en/olympic-games/pyeongchang-2018/results/freestyle-skiing
66,https://olympics.com/en/olympic-games/pyeongchang-2018/results/ice-hockey
67,https://olympics.com/en/olympic-games/pyeongchang-2018/results/luge
68,https://olympics.com/en/olympic-games/pyeongchang-2018/results/nordic-combined
69,https://olympics.com/en/olympic-games/pyeongchang-2018/results/skeleton
70,https://olympics.com/en/olympic-games/pyeongchang-2018/results/ski-jumping
71,https://olympics.com/en/olympic-games/pyeongchang-2018/results/snowboard
72,https://olympics.com/en/olympic-games/pyeongchang-2018/results/speed-skating
73,https://olympics.com/en/olympic-games/rio-2016/results/archery
74,https://olympics.com/en/olympic-games/rio-2016/results/athletics
75,https://olympics.com/en/olympic-games/rio-2016/results/badminton
76,https://olympics.com/en/olympic-games/rio-2016/results/basketball
77,https://olympics.com/en/olympic-games/rio-2016/results/beach-volleyball
78,https://olympics.com/en/olympic-games/rio-2016/results/boxing
79,https://olympics.com/en/olympic-games/rio-2016/results/canoe-slalom
80,https://olympics.com/en/olympic-games/rio-2016/results/cycling-mountain-bike
81,https://olympics.com/en/olympic-games/rio-2016/results/cycling-road
82,https://olympics.com/en/olympic-games/rio-2016/results/cycling-track
83,https://olympics.com/en/olympic-games/rio-2016/results/diving
84,https://olympics.com/en/olympic-games/rio-2016/results/fencing
85,https://olympics.com/en/olympic-games/rio-2016/results/football
86,https://olympics.com/en/olympic-games/rio-2016/results/golf
87,https://olympics.com/en/olympic-games/rio-2016/results/handball
88,https://olympics.com/en/olympic-games/rio-2016/results/hockey
89,https://olympics.com/en/olympic-games/rio-2016/results/judo
90,https://olympics.com/en/olympic-games/rio-2016/results/marathon-swimming
91,https://olympics.com/en/olympic-games/rio-2016/results/modern-pentathlon
92,https://olympics.com/en/olympic-games/rio-2016/results/rowing
93,https://olympics.com/en/olympic-games/rio-2016/results/sailing
94,https://olympics.com/en/olympic-games/rio-2016/results/shooting
95,https://olympics.com/en/olympic-games/rio-2016/results/swimming
96,https://olympics.com/en/olympic-games/rio-2016/results/table-tennis
97,https://olympics.com/en/olympic-games/rio-2016/results/taekwondo
98,https://olympics.com/en/olympic-games/rio-2016/results/tennis
99,https://olympics.com/en/olympic-games/rio-2016/results/trampoline
100,https://olympics.com/en/olympic-games/rio-2016/results/triathlon
101,https://olympics.com/en/olympic-games/rio-2016/results/volleyball
102,https://olympics.com/en/olympic-games/rio-2016/results/water-polo
103,https://olympics.com/en/olympic-games/rio-2016/results/weightlifting
104,https://olympics.com/en/olympic-games/rio-2016/results/wrestling
105,https://olympics.com/en/olympic-games/sochi-2014/results/alpine-skiing
106,https://olympics.com/en/olympic-games/sochi-2014/results/biathlon
107,https://olympics.com/en/olympic-games/sochi-2014/results/bobsleigh
108,https://olympics.com/en/olympic-games/sochi-2014/results/cross-country-skiing
109,https://olympics.com/en/olympic-games/sochi-2014/results/curling
110,https://olympics.com/en/olympic-games/sochi-2014/results/figure-skating
111,https://olympics.com/en/olympic-games/sochi-2014/results/freestyle-skiing
112,https://olympics.com/en/olympic-games/sochi-2014/results/ice-hockey
113,https://olympics.com/en/olympic-games/sochi-2014/results/luge
114,https://olympics.com/en/olympic-games/sochi-2014/results/nordic-combined
115,https://olympics.com/en/olympic-games/sochi-2014/results/short-track-speed-skating
116,https://olympics.com/en/olympic-games/sochi-2014/results/skeleton
117,https://olympics.com/en/olympic-games/sochi-2014/results/ski-jumping
118,https://olympics.com/en/olympic-games/sochi-2014/results/snowboard
119,https://olympics.com/en/olympic-games/sochi-2014/results/speed-skating
120,https://olympics.com/en/olympic-games/london-2012/results/archery
121,https://olympics.com/en/olympic-games/london-2012/results/athletics
122,https://olympics.com/en/olympic-games/london-2012/results/badminton
123,https://olympics.com/en/olympic-games/london-2012/results/basketball
124,https://olympics.com/en/olympic-games/london-2012/results/beach-volleyball
125,https://olympics.com/en/olympic-games/london-2012/results/boxing
126,https://olympics.com/en/olympic-games/london-2012/results/canoe-slalom
127,https://olympics.com/en/olympic-games/london-2012/results/cycling-mountain-bike
128,https://olympics.com/en/olympic-games/london-2012/results/cycling-road
129,https://olympics.com/en/olympic-games/london-2012/results/cycling-track
130,https://olympics.com/en/olympic-games/london-2012/results/diving
131,https://olympics.com/en/olympic-games/london-2012/results/fencing
132,https://olympics.com/en/olympic-games/london-2012/results/football
133,https://olympics.com/en/olympic-games/london-2012/results/handball
134,https://olympics.com/en/olympic-games/london-2012/results/hockey
135,https://olympics.com/en/olympic-games/london-2012/results/judo
136,https://olympics.com/en/olympic-games/london-2012/results/marathon-swimming
137,https://olympics.com/en/olympic-games/london-2012/results/modern-pentathlon
138,https://olympics.com/en/olympic-games/london-2012/results/rowing
139,https://olympics.com/en/olympic-games/london-2012/results/sailing
140,https://olympics.com/en/olympic-games/london-2012/results/shooting
141,https://olympics.com/en/olympic-games/london-2012/results/swimming
142,https://olympics.com/en/olympic-games/london-2012/results/table-tennis
143,https://olympics.com/en/olympic-games/london-2012/results/taekwondo
144,https://olympics.com/en/olympic-games/london-2012/results/tennis
145,https://olympics.com/en/olympic-games/london-2012/results/trampoline
146,https://olympics.com/en/olympic-games/london-2012/results/triathlon
147,https://olympics.com/en/olympic-games/london-2012/results/volleyball
148,https://olympics.com/en/olympic-games/london-2012/results/water-polo
149,https://olympics.com/en/olympic-games/london-2012/results/weightlifting
150,https://olympics.com/en/olympic-games/london-2012/results/wrestling
151,https://olympics.com/en/olympic-games/vancouver-2010/results/alpine-skiing
152,https://olympics.com/en/olympic-games/vancouver-2010/results/biathlon
153,https://olympics.com/en/olympic-games/vancouver-2010/results/bobsleigh
154,https://olympics.com/en/olympic-games/vancouver-2010/results/cross-country-skiing
155,https://olympics.com/en/olympic-games/vancouver-2010/results/curling
156,https://olympics.com/en/olympic-games/vancouver-2010/results/figure-skating
157,https://olympics.com/en/olympic-games/vancouver-2010/results/freestyle-skiing
158,https://olympics.com/en/olympic-games/vancouver-2010/results/ice-hockey
159,https://olympics.com/en/olympic-games/vancouver-2010/results/luge
160,https://olympics.com/en/olympic-games/vancouver-2010/results/nordic-combined
161,https://olympics.com/en/olympic-games/vancouver-2010/results/short-track-speed-skating
162,https://olympics.com/en/olympic-games/vancouver-2010/results/skeleton
163,https://olympics.com/en/olympic-games/vancouver-2010/results/ski-jumping
164,https://olympics.com/en/olympic-games/vancouver-2010/results/snowboard
165,https://olympics.com/en/olympic-games/vancouver-2010/results/speed-skating
166,https://olympics.com/en/olympic-games/beijing-2008/results/archery
167,https://olympics.com/en/olympic-games/beijing-2008/results/athletics
168,https://olympics.com/en/olympic-games/beijing-2008/results/badminton
169,https://olympics.com/en/olympic-games/beijing-2008/results/basketball
170,https://olympics.com/en/olympic-games/beijing-2008/results/beach-volleyball
171,https://olympics.com/en/olympic-games/beijing-2008/results/boxing
172,https://olympics.com/en/olympic-games/beijing-2008/results/canoe-slalom
173,https://olympics.com/en/olympic-games/beijing-2008/results/cycling-mountain-bike
174,https://olympics.com/en/olympic-games/beijing-2008/results/cycling-road
175,https://olympics.com/en/olympic-games/beijing-2008/results/cycling-track
176,https://olympics.com/en/olympic-games/beijing-2008/results/diving
177,https://olympics.com/en/olympic-games/beijing-2008/results/fencing
178,https://olympics.com/en/olympic-games/beijing-2008/results/football
179,https://olympics.com/en/olympic-games/beijing-2008/results/handball
180,https://olympics.com/en/olympic-games/beijing-2008/results/hockey
181,https://olympics.com/en/olympic-games/beijing-2008/results/judo
182,https://olympics.com/en/olympic-games/beijing-2008/results/marathon-swimming
183,https://olympics.com/en/olympic-games/beijing-2008/results/modern-pentathlon
184,https://olympics.com/en/olympic-games/beijing-2008/results/rowing
185,https://olympics.com/en/olympic-games/beijing-2008/results/sailing
186,https://olympics.com/en/olympic-games/beijing-2008/results/shooting
187,https://olympics.com/en/olympic-games/beijing-2008/results/swimming
188,https://olympics.com/en/olympic-games/beijing-2008/results/table-tennis
189,https://olympics.com/en/olympic-games/beijing-2008/results/taekwondo
190,https://olympics.com/en/olympic-games/beijing-2008/results/tennis
191,https://olympics.com/en/olympic-games/beijing-2008/results/trampoline
192,https://olympics.com/en/olympic-games/beijing-2008/results/triathlon
193,https://olympics.com/en/olympic-games/beijing-2008/results/volleyball
194,https://olympics.com/en/olympic-games/beijing-2008/results/water-polo
195,https://olympics.com/en/olympic-games/beijing-2008/results/weightlifting
196,https://olympics.com/en/olympic-games/beijing-2008/results/wrestling
197,https://olympics.com/en/olympic-games/turin-2006/results/alpine-skiing
198,https://olympics.com/en/olympic-games/turin-2006/results/biathlon
199,https://olympics.com/en/olympic-games/turin-2006/results/bobsleigh
200,https://olympics.com/en/olympic-games/turin-2006/results/cross-country-skiing
201,https://olympics.com/en/olympic-games/turin-2006/results/curling
202,https://olympics.com/en/olympic-games/turin-2006/results/figure-skating
203,https://olympics.com/en/olympic-games/turin-2006/results/freestyle-skiing
204,https://olympics.com/en/olympic-games/turin-2006/results/ice-hockey
205,https://olympics.com/en/olympic-games/turin-2006/results/luge
206,https://olympics.com/en/olympic-games/turin-2006/results/nordic-combined
207,https://olympics.com/en/olympic-games/turin-2006/results/short-track-speed-skating
208,https://olympics.com/en/olympic-games/turin-2006/results/skeleton
209,https://olympics.com/en/olympic-games/turin-2006/results/ski-jumping
210,https://olympics.com/en/olympic-games/turin-2006/results/snowboard
211,https://olympics.com/en/olympic-games/turin-2006/results/speed-skating
212,https://olympics.com/en/olympic-games/athens-2004/results/archery
213,https://olympics.com/en/olympic-games/athens-2004/results/athletics
214,https://olympics.com/en/olympic-games/athens-2004/results/badminton
215,https://olympics.com/en/olympic-games/athens-2004/results/basketball
216,https://olympics.com/en/olympic-games/athens-2004/results/beach-volleyball
217,https://olympics.com/en/olympic-games/athens-2004/results/boxing
218,https://olympics.com/en/olympic-games/athens-2004/results/canoe-slalom
219,https://olympics.com/en/olympic-games/athens-2004/results/cycling-mountain-bike
220,https://olympics.com/en/olympic-games/athens-2004/results/cycling-road
221,https://olympics.com/en/olympic-games/athens-2004/results/cycling-track
222,https://olympics.com/en/olympic-games/athens-2004/results/diving
223,https://olympics.com/en/olympic-games/athens-2004/results/fencing
224,https://olympics.com/en/olympic-games/athens-2004/results/football
225,https://olympics.com/en/olympic-games/athens-2004/results/handball
226,https://olympics.com/en/olympic-games/athens-2004/results/hockey
227,https://olympics.com/en/olympic-games/athens-2004/results/judo
228,https://olympics.com/en/olympic-games/athens-2004/results/modern-pentathlon
229,https://olympics.com/en/olympic-games/athens-2004/results/rowing
230,https://olympics.com/en/olympic-games/athens-2004/results/sailing
231,https://olympics.com/en/olympic-games/athens-2004/results/shooting
232,https://olympics.com/en/olympic-games/athens-2004/results/swimming
233,https://olympics.com/en/olympic-games/athens-2004/results/table-tennis
234,https://olympics.com/en/olympic-games/athens-2004/results/taekwondo
235,https://olympics.com/en/olympic-games/athens-2004/results/tennis
236,https://olympics.com/en/olympic-games/athens-2004/results/trampoline
237,https://olympics.com/en/olympic-games/athens-2004/results/triathlon
238,https://olympics.com/en/olympic-games/athens-2004/results/volleyball
239,https://olympics.com/en/olympic-games/athens-2004/results/water-polo
240,https://olympics.com/en/olympic-games/athens-2004/results/weightlifting
241,https://olympics.com/en/olympic-games/athens-2004/results/wrestling
242,https://olympics.com/en/olympic-games/salt-lake-city-2002/results/alpine-skiing
243,https://olympics.com/en/olympic-games/salt-lake-city-2002/results/biathlon
244,https://olympics.com/en/olympic-games/salt-lake-city-2002/results/bobsleigh
245,https://olympics.com/en/olympic-games/salt-lake-city-2002/results/cross-country-skiing
246,https://olympics.com/en/olympic-games/salt-lake-city-2002/results/curling
247,https://olympics.com/en/olympic-games/salt-lake-city-2002/results/figure-skating
248,https://olympics.com/en/olympic-games/salt-lake-city-2002/results/freestyle-skiing
249,https://olympics.com/en/olympic-games/salt-lake-city-2002/results/ice-hockey
250,https://olympics.com/en/olympic-games/salt-lake-city-2002/results/luge
251,https://olympics.com/en/olympic-games/salt-lake-city-2002/results/nordic-combined
252,https://olympics.com/en/olympic-games/salt-lake-city-2002/results/short-track-speed-skating
253,https://olympics.com/en/olympic-games/salt-lake-city-2002/results/skeleton
254,https://olympics.com/en/olympic-games/salt-lake-city-2002/results/ski-jumping
255,https://olympics.com/en/olympic-games/salt-lake-city-2002/results/snowboard
256,https://olympics.com/en/olympic-games/salt-lake-city-2002/results/speed-skating
257,https://olympics.com/en/olympic-games/sydney-2000/results/archery
258,https://olympics.com/en/olympic-games/sydney-2000/results/athletics
259,https://olympics.com/en/olympic-games/sydney-2000/results/badminton
260,https://olympics.com/en/olympic-games/sydney-2000/results/basketball
261,https://olympics.com/en/olympic-games/sydney-2000/results/beach-volleyball
262,https://olympics.com/en/olympic-games/sydney-2000/results/boxing
263,https://olympics.com/en/olympic-games/sydney-2000/results/canoe-slalom
264,https://olympics.com/en/olympic-games/sydney-2000/results/cycling-mountain-bike
265,https://olympics.com/en/olympic-games/sydney-2000/results/cycling-road
266,https://olympics.com/en/olympic-games/sydney-2000/results/cycling-track
267,https://olympics.com/en/olympic-games/sydney-2000/results/diving
268,https://olympics.com/en/olympic-games/sydney-2000/results/fencing
269,https://olympics.com/en/olympic-games/sydney-2000/results/football
270,https://olympics.com/en/olympic-games/sydney-2000/results/handball
271,https://olympics.com/en/olympic-games/sydney-2000/results/hockey
272,https://olympics.com/en/olympic-games/sydney-2000/results/judo
273,https://olympics.com/en/olympic-games/sydney-2000/results/modern-pentathlon
274,https://olympics.com/en/olympic-games/sydney-2000/results/rowing
275,https://olympics.com/en/olympic-games/sydney-2000/results/sailing
276,https://olympics.com/en/olympic-games/sydney-2000/results/shooting
277,https://olympics.com/en/olympic-games/sydney-2000/results/swimming
278,https://olympics.com/en/olympic-games/sydney-2000/results/table-tennis
279,https://olympics.com/en/olympic-games/sydney-2000/results/taekwondo
280,https://olympics.com/en/olympic-games/sydney-2000/results/tennis
281,https://olympics.com/en/olympic-games/sydney-2000/results/trampoline
282,https://olympics.com/en/olympic-games/sydney-2000/results/triathlon
283,https://olympics.com/en/olympic-games/sydney-2000/results/volleyball
284,https://olympics.com/en/olympic-games/sydney-2000/results/water-polo
285,https://olympics.com/en/olympic-games/sydney-2000/results/weightlifting
286,https://olympics.com/en/olympic-games/sydney-2000/results/wrestling
287,https://olympics.com/en/olympic-games/nagano-1998/results/alpine-skiing
288,https://olympics.com/en/olympic-games/nagano-1998/results/biathlon
289,https://olympics.com/en/olympic-games/nagano-1998/results/bobsleigh
290,https://olympics.com/en/olympic-games/nagano-1998/results/cross-country-skiing
291,https://olympics.com/en/olympic-games/nagano-1998/results/curling
292,https://olympics.com/en/olympic-games/nagano-1998/results/figure-skating
293,https://olympics.com/en/olympic-games/nagano-1998/results/freestyle-skiing
294,https://olympics.com/en/olympic-games/nagano-1998/results/ice-hockey
295,https://olympics.com/en/olympic-games/nagano-1998/results/luge
296,https://olympics.com/en/olympic-games/nagano-1998/results/nordic-combined
297,https://olympics.com/en/olympic-games/nagano-1998/results/short-track-speed-skating
298,https://olympics.com/en/olympic-games/nagano-1998/results/ski-jumping
299,https://olympics.com/en/olympic-games/nagano-1998/results/snowboard
300,https://olympics.com/en/olympic-games/nagano-1998/results/speed-skating
301,https://olympics.com/en/olympic-games/atlanta-1996/results/archery
302,https://olympics.com/en/olympic-games/atlanta-1996/results/athletics
303,https://olympics.com/en/olympic-games/atlanta-1996/results/badminton
304,https://olympics.com/en/olympic-games/atlanta-1996/results/basketball
305,https://olympics.com/en/olympic-games/atlanta-1996/results/beach-volleyball
306,https://olympics.com/en/olympic-games/atlanta-1996/results/boxing
307,https://olympics.com/en/olympic-games/atlanta-1996/results/canoe-slalom
308,https://olympics.com/en/olympic-games/atlanta-1996/results/cycling-mountain-bike
309,https://olympics.com/en/olympic-games/atlanta-1996/results/cycling-road
310,https://olympics.com/en/olympic-games/atlanta-1996/results/cycling-track
311,https://olympics.com/en/olympic-games/atlanta-1996/results/diving
312,https://olympics.com/en/olympic-games/atlanta-1996/results/fencing
313,https://olympics.com/en/olympic-games/atlanta-1996/results/football
314,https://olympics.com/en/olympic-games/atlanta-1996/results/handball
315,https://olympics.com/en/olympic-games/atlanta-1996/results/hockey
316,https://olympics.com/en/olympic-games/atlanta-1996/results/judo
317,https://olympics.com/en/olympic-games/atlanta-1996/results/modern-pentathlon
318,https://olympics.com/en/olympic-games/atlanta-1996/results/rowing
319,https://olympics.com/en/olympic-games/atlanta-1996/results/sailing
320,https://olympics.com/en/olympic-games/atlanta-1996/results/shooting
321,https://olympics.com/en/olympic-games/atlanta-1996/results/swimming
322,https://olympics.com/en/olympic-games/atlanta-1996/results/table-tennis
323,https://olympics.com/en/olympic-games/atlanta-1996/results/tennis
324,https://olympics.com/en/olympic-games/atlanta-1996/results/volleyball
325,https://olympics.com/en/olympic-games/atlanta-1996/results/water-polo
326,https://olympics.com/en/olympic-games/atlanta-1996/results/weightlifting
327,https://olympics.com/en/olympic-games/atlanta-1996/results/wrestling
328,https://olympics.com/en/olympic-games/lillehammer-1994/results/alpine-skiing
329,https://olympics.com/en/olympic-games/lillehammer-1994/results/biathlon
330,https://olympics.com/en/olympic-games/lillehammer-1994/results/bobsleigh
331,https://olympics.com/en/olympic-games/lillehammer-1994/results/cross-country-skiing
332,https://olympics.com/en/olympic-games/lillehammer-1994/results/figure-skating
333,https://olympics.com/en/olympic-games/lillehammer-1994/results/freestyle-skiing
334,https://olympics.com/en/olympic-games/lillehammer-1994/results/ice-hockey
335,https://olympics.com/en/olympic-games/lillehammer-1994/results/luge
336,https://olympics.com/en/olympic-games/lillehammer-1994/results/nordic-combined
337,https://olympics.com/en/olympic-games/lillehammer-1994/results/short-track-speed-skating
338,https://olympics.com/en/olympic-games/lillehammer-1994/results/ski-jumping
339,https://olympics.com/en/olympic-games/lillehammer-1994/results/speed-skating
340,https://olympics.com/en/olympic-games/albertville-1992/results/alpine-skiing
341,https://olympics.com/en/olympic-games/albertville-1992/results/biathlon
342,https://olympics.com/en/olympic-games/albertville-1992/results/bobsleigh
343,https://olympics.com/en/olympic-games/albertville-1992/results/cross-country-skiing
344,https://olympics.com/en/olympic-games/albertville-1992/results/figure-skating
345,https://olympics.com/en/olympic-games/albertville-1992/results/freestyle-skiing
346,https://olympics.com/en/olympic-games/albertville-1992/results/ice-hockey
347,https://olympics.com/en/olympic-games/albertville-1992/results/luge
348,https://olympics.com/en/olympic-games/albertville-1992/results/nordic-combined
349,https://olympics.com/en/olympic-games/albertville-1992/results/short-track-speed-skating
350,https://olympics.com/en/olympic-games/albertville-1992/results/ski-jumping
351,https://olympics.com/en/olympic-games/albertville-1992/results/speed-skating
352,https://olympics.com/en/olympic-games/barcelona-1992/results/archery
353,https://olympics.com/en/olympic-games/barcelona-1992/results/athletics
354,https://olympics.com/en/olympic-games/barcelona-1992/results/badminton
355,https://olympics.com/en/olympic-games/barcelona-1992/results/basketball
356,https://olympics.com/en/olympic-games/barcelona-1992/results/boxing
357,https://olympics.com/en/olympic-games/barcelona-1992/results/canoe-slalom
358,https://olympics.com/en/olympic-games/barcelona-1992/results/cycling-road
359,https://olympics.com/en/olympic-games/barcelona-1992/results/cycling-track
360,https://olympics.com/en/olympic-games/barcelona-1992/results/diving
361,https://olympics.com/en/olympic-games/barcelona-1992/results/fencing
362,https://olympics.com/en/olympic-games/barcelona-1992/results/football
363,https://olympics.com/en/olympic-games/barcelona-1992/results/handball
364,https://olympics.com/en/olympic-games/barcelona-1992/results/hockey
365,https://olympics.com/en/olympic-games/barcelona-1992/results/judo
366,https://olympics.com/en/olympic-games/barcelona-1992/results/modern-pentathlon
367,https://olympics.com/en/olympic-games/barcelona-1992/results/rowing
368,https://olympics.com/en/olympic-games/barcelona-1992/results/sailing
369,https://olympics.com/en/olympic-games/barcelona-1992/results/shooting
370,https://olympics.com/en/olympic-games/barcelona-1992/results/swimming
371,https://olympics.com/en/olympic-games/barcelona-1992/results/table-tennis
372,https://olympics.com/en/olympic-games/barcelona-1992/results/tennis
373,https://olympics.com/en/olympic-games/barcelona-1992/results/volleyball
374,https://olympics.com/en/olympic-games/barcelona-1992/results/water-polo
375,https://olympics.com/en/olympic-games/barcelona-1992/results/weightlifting
376,https://olympics.com/en/olympic-games/barcelona-1992/results/wrestling
377,https://olympics.com/en/olympic-games/calgary-1988/results/alpine-skiing
378,https://olympics.com/en/olympic-games/calgary-1988/results/biathlon
379,https://olympics.com/en/olympic-games/calgary-1988/results/bobsleigh
380,https://olympics.com/en/olympic-games/calgary-1988/results/cross-country-skiing
381,https://olympics.com/en/olympic-games/calgary-1988/results/figure-skating
382,https://olympics.com/en/olympic-games/calgary-1988/results/ice-hockey
383,https://olympics.com/en/olympic-games/calgary-1988/results/luge
384,https://olympics.com/en/olympic-games/calgary-1988/results/nordic-combined
385,https://olympics.com/en/olympic-games/calgary-1988/results/ski-jumping
386,https://olympics.com/en/olympic-games/calgary-1988/results/speed-skating
387,https://olympics.com/en/olympic-games/seoul-1988/results/archery
388,https://olympics.com/en/olympic-games/seoul-1988/results/athletics
389,https://olympics.com/en/olympic-games/seoul-1988/results/basketball
390,https://olympics.com/en/olympic-games/seoul-1988/results/boxing
391,https://olympics.com/en/olympic-games/seoul-1988/results/cycling-road
392,https://olympics.com/en/olympic-games/seoul-1988/results/cycling-track
393,https://olympics.com/en/olympic-games/seoul-1988/results/diving
394,https://olympics.com/en/olympic-games/seoul-1988/results/fencing
395,https://olympics.com/en/olympic-games/seoul-1988/results/football
396,https://olympics.com/en/olympic-games/seoul-1988/results/handball
397,https://olympics.com/en/olympic-games/seoul-1988/results/hockey
398,https://olympics.com/en/olympic-games/seoul-1988/results/judo
399,https://olympics.com/en/olympic-games/seoul-1988/results/modern-pentathlon
400,https://olympics.com/en/olympic-games/seoul-1988/results/rowing
401,https://olympics.com/en/olympic-games/seoul-1988/results/sailing
402,https://olympics.com/en/olympic-games/seoul-1988/results/shooting
403,https://olympics.com/en/olympic-games/seoul-1988/results/swimming
404,https://olympics.com/en/olympic-games/seoul-1988/results/table-tennis
405,https://olympics.com/en/olympic-games/seoul-1988/results/tennis
406,https://olympics.com/en/olympic-games/seoul-1988/results/volleyball
407,https://olympics.com/en/olympic-games/seoul-1988/results/water-polo
408,https://olympics.com/en/olympic-games/seoul-1988/results/weightlifting
409,https://olympics.com/en/olympic-games/seoul-1988/results/wrestling
410,https://olympics.com/en/olympic-games/sarajevo-1984/results/alpine-skiing
411,https://olympics.com/en/olympic-games/sarajevo-1984/results/biathlon
412,https://olympics.com/en/olympic-games/sarajevo-1984/results/bobsleigh
413,https://olympics.com/en/olympic-games/sarajevo-1984/results/cross-country-skiing
414,https://olympics.com/en/olympic-games/sarajevo-1984/results/figure-skating
415,https://olympics.com/en/olympic-games/sarajevo-1984/results/ice-hockey
416,https://olympics.com/en/olympic-games/sarajevo-1984/results/luge
417,https://olympics.com/en/olympic-games/sarajevo-1984/results/nordic-combined
418,https://olympics.com/en/olympic-games/sarajevo-1984/results/ski-jumping
419,https://olympics.com/en/olympic-games/sarajevo-1984/results/speed-skating
420,https://olympics.com/en/olympic-games/los-angeles-1984/results/archery
421,https://olympics.com/en/olympic-games/los-angeles-1984/results/athletics
422,https://olympics.com/en/olympic-games/los-angeles-1984/results/basketball
423,https://olympics.com/en/olympic-games/los-angeles-1984/results/boxing
424,https://olympics.com/en/olympic-games/los-angeles-1984/results/cycling-road
425,https://olympics.com/en/olympic-games/los-angeles-1984/results/cycling-track
426,https://olympics.com/en/olympic-games/los-angeles-1984/results/diving
427,https://olympics.com/en/olympic-games/los-angeles-1984/results/fencing
428,https://olympics.com/en/olympic-games/los-angeles-1984/results/football
429,https://olympics.com/en/olympic-games/los-angeles-1984/results/handball
430,https://olympics.com/en/olympic-games/los-angeles-1984/results/hockey
431,https://olympics.com/en/olympic-games/los-angeles-1984/results/judo
432,https://olympics.com/en/olympic-games/los-angeles-1984/results/modern-pentathlon
433,https://olympics.com/en/olympic-games/los-angeles-1984/results/rowing
434,https://olympics.com/en/olympic-games/los-angeles-1984/results/sailing
435,https://olympics.com/en/olympic-games/los-angeles-1984/results/shooting
436,https://olympics.com/en/olympic-games/los-angeles-1984/results/swimming
437,https://olympics.com/en/olympic-games/los-angeles-1984/results/volleyball
438,https://olympics.com/en/olympic-games/los-angeles-1984/results/water-polo
439,https://olympics.com/en/olympic-games/los-angeles-1984/results/weightlifting
440,https://olympics.com/en/olympic-games/los-angeles-1984/results/wrestling
441,https://olympics.com/en/olympic-games/lake-placid-1980/results/alpine-skiing
442,https://olympics.com/en/olympic-games/lake-placid-1980/results/biathlon
443,https://olympics.com/en/olympic-games/lake-placid-1980/results/bobsleigh
444,https://olympics.com/en/olympic-games/lake-placid-1980/results/cross-country-skiing
445,https://olympics.com/en/olympic-games/lake-placid-1980/results/figure-skating
446,https://olympics.com/en/olympic-games/lake-placid-1980/results/ice-hockey
447,https://olympics.com/en/olympic-games/lake-placid-1980/results/luge
448,https://olympics.com/en/olympic-games/lake-placid-1980/results/nordic-combined
449,https://olympics.com/en/olympic-games/lake-placid-1980/results/ski-jumping
450,https://olympics.com/en/olympic-games/lake-placid-1980/results/speed-skating
451,https://olympics.com/en/olympic-games/moscow-1980/results/archery
452,https://olympics.com/en/olympic-games/moscow-1980/results/athletics
453,https://olympics.com/en/olympic-games/moscow-1980/results/basketball
454,https://olympics.com/en/olympic-games/moscow-1980/results/boxing
455,https://olympics.com/en/olympic-games/moscow-1980/results/cycling-road
456,https://olympics.com/en/olympic-games/moscow-1980/results/cycling-track
457,https://olympics.com/en/olympic-games/moscow-1980/results/diving
458,https://olympics.com/en/olympic-games/moscow-1980/results/fencing
459,https://olympics.com/en/olympic-games/moscow-1980/results/football
460,https://olympics.com/en/olympic-games/moscow-1980/results/handball
461,https://olympics.com/en/olympic-games/moscow-1980/results/hockey
462,https://olympics.com/en/olympic-games/moscow-1980/results/judo
463,https://olympics.com/en/olympic-games/moscow-1980/results/modern-pentathlon
464,https://olympics.com/en/olympic-games/moscow-1980/results/rowing
465,https://olympics.com/en/olympic-games/moscow-1980/results/sailing
466,https://olympics.com/en/olympic-games/moscow-1980/results/shooting
467,https://olympics.com/en/olympic-games/moscow-1980/results/swimming
468,https://olympics.com/en/olympic-games/moscow-1980/results/volleyball
469,https://olympics.com/en/olympic-games/moscow-1980/results/water-polo
470,https://olympics.com/en/olympic-games/moscow-1980/results/weightlifting
471,https://olympics.com/en/olympic-games/moscow-1980/results/wrestling
472,https://olympics.com/en/olympic-games/innsbruck-1976/results/alpine-skiing
473,https://olympics.com/en/olympic-games/innsbruck-1976/results/biathlon
474,https://olympics.com/en/olympic-games/innsbruck-1976/results/bobsleigh
475,https://olympics.com/en/olympic-games/innsbruck-1976/results/cross-country-skiing
476,https://olympics.com/en/olympic-games/innsbruck-1976/results/figure-skating
477,https://olympics.com/en/olympic-games/innsbruck-1976/results/ice-hockey
478,https://olympics.com/en/olympic-games/innsbruck-1976/results/luge
479,https://olympics.com/en/olympic-games/innsbruck-1976/results/nordic-combined
480,https://olympics.com/en/olympic-games/innsbruck-1976/results/ski-jumping
481,https://olympics.com/en/olympic-games/innsbruck-1976/results/speed-skating
482,https://olympics.com/en/olympic-games/montreal-1976/results/archery
483,https://olympics.com/en/olympic-games/montreal-1976/results/athletics
484,https://olympics.com/en/olympic-games/montreal-1976/results/basketball
485,https://olympics.com/en/olympic-games/montreal-1976/results/boxing
486,https://olympics.com/en/olympic-games/montreal-1976/results/cycling-road
487,https://olympics.com/en/olympic-games/montreal-1976/results/cycling-track
488,https://olympics.com/en/olympic-games/montreal-1976/results/diving
489,https://olympics.com/en/olympic-games/montreal-1976/results/fencing
490,https://olympics.com/en/olympic-games/montreal-1976/results/football
491,https://olympics.com/en/olympic-games/montreal-1976/results/handball
492,https://olympics.com/en/olympic-games/montreal-1976/results/hockey
493,https://olympics.com/en/olympic-games/montreal-1976/results/judo
494,https://olympics.com/en/olympic-games/montreal-1976/results/modern-pentathlon
495,https://olympics.com/en/olympic-games/montreal-1976/results/rowing
496,https://olympics.com/en/olympic-games/montreal-1976/results/sailing
497,https://olympics.com/en/olympic-games/montreal-1976/results/shooting
498,https://olympics.com/en/olympic-games/montreal-1976/results/swimming
499,https://olympics.com/en/olympic-games/montreal-1976/results/volleyball
500,https://olympics.com/en/olympic-games/montreal-1976/results/water-polo
501,https://olympics.com/en/olympic-games/montreal-1976/results/weightlifting
502,https://olympics.com/en/olympic-games/montreal-1976/results/wrestling
503,https://olympics.com/en/olympic-games/sapporo-1972/results/alpine-skiing
504,https://olympics.com/en/olympic-games/sapporo-1972/results/biathlon
505,https://olympics.com/en/olympic-games/sapporo-1972/results/bobsleigh
506,https://olympics.com/en/olympic-games/sapporo-1972/results/cross-country-skiing
507,https://olympics.com/en/olympic-games/sapporo-1972/results/figure-skating
508,https://olympics.com/en/olympic-games/sapporo-1972/results/ice-hockey
509,https://olympics.com/en/olympic-games/sapporo-1972/results/luge
510,https://olympics.com/en/olympic-games/sapporo-1972/results/nordic-combined
511,https://olympics.com/en/olympic-games/sapporo-1972/results/ski-jumping
512,https://olympics.com/en/olympic-games/sapporo-1972/results/speed-skating
513,https://olympics.com/en/olympic-games/munich-1972/results/archery
514,https://olympics.com/en/olympic-games/munich-1972/results/athletics
515,https://olympics.com/en/olympic-games/munich-1972/results/basketball
516,https://olympics.com/en/olympic-games/munich-1972/results/boxing
517,https://olympics.com/en/olympic-games/munich-1972/results/canoe-slalom
518,https://olympics.com/en/olympic-games/munich-1972/results/cycling-road
519,https://olympics.com/en/olympic-games/munich-1972/results/cycling-track
520,https://olympics.com/en/olympic-games/munich-1972/results/diving
521,https://olympics.com/en/olympic-games/munich-1972/results/fencing
522,https://olympics.com/en/olympic-games/munich-1972/results/football
523,https://olympics.com/en/olympic-games/munich-1972/results/handball
524,https://olympics.com/en/olympic-games/munich-1972/results/hockey
525,https://olympics.com/en/olympic-games/munich-1972/results/judo
526,https://olympics.com/en/olympic-games/munich-1972/results/modern-pentathlon
527,https://olympics.com/en/olympic-games/munich-1972/results/rowing
528,https://olympics.com/en/olympic-games/munich-1972/results/sailing
529,https://olympics.com/en/olympic-games/munich-1972/results/shooting
530,https://olympics.com/en/olympic-games/munich-1972/results/swimming
531,https://olympics.com/en/olympic-games/munich-1972/results/volleyball
532,https://olympics.com/en/olympic-games/munich-1972/results/water-polo
533,https://olympics.com/en/olympic-games/munich-1972/results/weightlifting
534,https://olympics.com/en/olympic-games/munich-1972/results/wrestling
535,https://olympics.com/en/olympic-games/grenoble-1968/results/alpine-skiing
536,https://olympics.com/en/olympic-games/grenoble-1968/results/biathlon
537,https://olympics.com/en/olympic-games/grenoble-1968/results/bobsleigh
538,https://olympics.com/en/olympic-games/grenoble-1968/results/cross-country-skiing
539,https://olympics.com/en/olympic-games/grenoble-1968/results/figure-skating
540,https://olympics.com/en/olympic-games/grenoble-1968/results/ice-hockey
541,https://olympics.com/en/olympic-games/grenoble-1968/results/luge
542,https://olympics.com/en/olympic-games/grenoble-1968/results/nordic-combined
543,https://olympics.com/en/olympic-games/grenoble-1968/results/ski-jumping
544,https://olympics.com/en/olympic-games/grenoble-1968/results/speed-skating
545,https://olympics.com/en/olympic-games/mexico-city-1968/results/athletics
546,https://olympics.com/en/olympic-games/mexico-city-1968/results/basketball
547,https://olympics.com/en/olympic-games/mexico-city-1968/results/boxing
548,https://olympics.com/en/olympic-games/mexico-city-1968/results/cycling-road
549,https://olympics.com/en/olympic-games/mexico-city-1968/results/cycling-track
550,https://olympics.com/en/olympic-games/mexico-city-1968/results/diving
551,https://olympics.com/en/olympic-games/mexico-city-1968/results/fencing
552,https://olympics.com/en/olympic-games/mexico-city-1968/results/football
553,https://olympics.com/en/olympic-games/mexico-city-1968/results/hockey
554,https://olympics.com/en/olympic-games/mexico-city-1968/results/modern-pentathlon
555,https://olympics.com/en/olympic-games/mexico-city-1968/results/rowing
556,https://olympics.com/en/olympic-games/mexico-city-1968/results/sailing
557,https://olympics.com/en/olympic-games/mexico-city-1968/results/shooting
558,https://olympics.com/en/olympic-games/mexico-city-1968/results/swimming
559,https://olympics.com/en/olympic-games/mexico-city-1968/results/volleyball
560,https://olympics.com/en/olympic-games/mexico-city-1968/results/water-polo
561,https://olympics.com/en/olympic-games/mexico-city-1968/results/weightlifting
562,https://olympics.com/en/olympic-games/mexico-city-1968/results/wrestling
563,https://olympics.com/en/olympic-games/innsbruck-1964/results/alpine-skiing
564,https://olympics.com/en/olympic-games/innsbruck-1964/results/biathlon
565,https://olympics.com/en/olympic-games/innsbruck-1964/results/bobsleigh
566,https://olympics.com/en/olympic-games/innsbruck-1964/results/cross-country-skiing
567,https://olympics.com/en/olympic-games/innsbruck-1964/results/figure-skating
568,https://olympics.com/en/olympic-games/innsbruck-1964/results/ice-hockey
569,https://olympics.com/en/olympic-games/innsbruck-1964/results/luge
570,https://olympics.com/en/olympic-games/innsbruck-1964/results/nordic-combined
571,https://olympics.com/en/olympic-games/innsbruck-1964/results/ski-jumping
572,https://olympics.com/en/olympic-games/innsbruck-1964/results/speed-skating
573,https://olympics.com/en/olympic-games/tokyo-1964/results/athletics
574,https://olympics.com/en/olympic-games/tokyo-1964/results/basketball
575,https://olympics.com/en/olympic-games/tokyo-1964/results/boxing
576,https://olympics.com/en/olympic-games/tokyo-1964/results/cycling-road
577,https://olympics.com/en/olympic-games/tokyo-1964/results/cycling-track
578,https://olympics.com/en/olympic-games/tokyo-1964/results/diving
579,https://olympics.com/en/olympic-games/tokyo-1964/results/fencing
580,https://olympics.com/en/olympic-games/tokyo-1964/results/football
581,https://olympics.com/en/olympic-games/tokyo-1964/results/hockey
582,https://olympics.com/en/olympic-games/tokyo-1964/results/judo
583,https://olympics.com/en/olympic-games/tokyo-1964/results/modern-pentathlon
584,https://olympics.com/en/olympic-games/tokyo-1964/results/rowing
585,https://olympics.com/en/olympic-games/tokyo-1964/results/sailing
586,https://olympics.com/en/olympic-games/tokyo-1964/results/shooting
587,https://olympics.com/en/olympic-games/tokyo-1964/results/swimming
588,https://olympics.com/en/olympic-games/tokyo-1964/results/volleyball
589,https://olympics.com/en/olympic-games/tokyo-1964/results/water-polo
590,https://olympics.com/en/olympic-games/tokyo-1964/results/weightlifting
591,https://olympics.com/en/olympic-games/tokyo-1964/results/wrestling
592,https://olympics.com/en/olympic-games/squaw-valley-1960/results/alpine-skiing
593,https://olympics.com/en/olympic-games/squaw-valley-1960/results/biathlon
594,https://olympics.com/en/olympic-games/squaw-valley-1960/results/cross-country-skiing
595,https://olympics.com/en/olympic-games/squaw-valley-1960/results/figure-skating
596,https://olympics.com/en/olympic-games/squaw-valley-1960/results/ice-hockey
597,https://olympics.com/en/olympic-games/squaw-valley-1960/results/nordic-combined
598,https://olympics.com/en/olympic-games/squaw-valley-1960/results/ski-jumping
599,https://olympics.com/en/olympic-games/squaw-valley-1960/results/speed-skating
600,https://olympics.com/en/olympic-games/rome-1960/results/athletics
601,https://olympics.com/en/olympic-games/rome-1960/results/basketball
602,https://olympics.com/en/olympic-games/rome-1960/results/boxing
603,https://olympics.com/en/olympic-games/rome-1960/results/cycling-road
604,https://olympics.com/en/olympic-games/rome-1960/results/cycling-track
605,https://olympics.com/en/olympic-games/rome-1960/results/diving
606,https://olympics.com/en/olympic-games/rome-1960/results/fencing
607,https://olympics.com/en/olympic-games/rome-1960/results/football
608,https://olympics.com/en/olympic-games/rome-1960/results/hockey
609,https://olympics.com/en/olympic-games/rome-1960/results/modern-pentathlon
610,https://olympics.com/en/olympic-games/rome-1960/results/rowing
611,https://olympics.com/en/olympic-games/rome-1960/results/sailing
612,https://olympics.com/en/olympic-games/rome-1960/results/shooting
613,https://olympics.com/en/olympic-games/rome-1960/results/swimming
614,https://olympics.com/en/olympic-games/rome-1960/results/water-polo
615,https://olympics.com/en/olympic-games/rome-1960/results/weightlifting
616,https://olympics.com/en/olympic-games/rome-1960/results/wrestling
617,https://olympics.com/en/olympic-games/melbourne-1956/results/athletics
618,https://olympics.com/en/olympic-games/melbourne-1956/results/basketball
619,https://olympics.com/en/olympic-games/melbourne-1956/results/boxing
620,https://olympics.com/en/olympic-games/melbourne-1956/results/cycling-road
621,https://olympics.com/en/olympic-games/melbourne-1956/results/cycling-track
622,https://olympics.com/en/olympic-games/melbourne-1956/results/diving
623,https://olympics.com/en/olympic-games/melbourne-1956/results/fencing
624,https://olympics.com/en/olympic-games/melbourne-1956/results/football
625,https://olympics.com/en/olympic-games/melbourne-1956/results/hockey
626,https://olympics.com/en/olympic-games/melbourne-1956/results/modern-pentathlon
627,https://olympics.com/en/olympic-games/melbourne-1956/results/rowing
628,https://olympics.com/en/olympic-games/melbourne-1956/results/sailing
629,https://olympics.com/en/olympic-games/melbourne-1956/results/shooting
630,https://olympics.com/en/olympic-games/melbourne-1956/results/swimming
631,https://olympics.com/en/olympic-games/melbourne-1956/results/water-polo
632,https://olympics.com/en/olympic-games/melbourne-1956/results/weightlifting
633,https://olympics.com/en/olympic-games/melbourne-1956/results/wrestling
634,https://olympics.com/en/olympic-games/oslo-1952/results/alpine-skiing
635,https://olympics.com/en/olympic-games/oslo-1952/results/bobsleigh
636,https://olympics.com/en/olympic-games/oslo-1952/results/cross-country-skiing
637,https://olympics.com/en/olympic-games/oslo-1952/results/figure-skating
638,https://olympics.com/en/olympic-games/oslo-1952/results/ice-hockey
639,https://olympics.com/en/olympic-games/oslo-1952/results/nordic-combined
640,https://olympics.com/en/olympic-games/oslo-1952/results/ski-jumping
641,https://olympics.com/en/olympic-games/oslo-1952/results/speed-skating
642,https://olympics.com/en/olympic-games/helsinki-1952/results/athletics
643,https://olympics.com/en/olympic-games/helsinki-1952/results/basketball
644,https://olympics.com/en/olympic-games/helsinki-1952/results/boxing
645,https://olympics.com/en/olympic-games/helsinki-1952/results/cycling-road
646,https://olympics.com/en/olympic-games/helsinki-1952/results/cycling-track
647,https://olympics.com/en/olympic-games/helsinki-1952/results/diving
648,https://olympics.com/en/olympic-games/helsinki-1952/results/fencing
649,https://olympics.com/en/olympic-games/helsinki-1952/results/football
650,https://olympics.com/en/olympic-games/helsinki-1952/results/hockey
651,https://olympics.com/en/olympic-games/helsinki-1952/results/modern-pentathlon
652,https://olympics.com/en/olympic-games/helsinki-1952/results/rowing
653,https://olympics.com/en/olympic-games/helsinki-1952/results/sailing
654,https://olympics.com/en/olympic-games/helsinki-1952/results/shooting
655,https://olympics.com/en/olympic-games/helsinki-1952/results/swimming
656,https://olympics.com/en/olympic-games/helsinki-1952/results/water-polo
657,https://olympics.com/en/olympic-games/helsinki-1952/results/weightlifting
658,https://olympics.com/en/olympic-games/helsinki-1952/results/wrestling
659,https://olympics.com/en/olympic-games/london-1948/results/athletics
660,https://olympics.com/en/olympic-games/london-1948/results/basketball
661,https://olympics.com/en/olympic-games/london-1948/results/boxing
662,https://olympics.com/en/olympic-games/london-1948/results/cycling-road
663,https://olympics.com/en/olympic-games/london-1948/results/cycling-track
664,https://olympics.com/en/olympic-games/london-1948/results/diving
665,https://olympics.com/en/olympic-games/london-1948/results/fencing
666,https://olympics.com/en/olympic-games/london-1948/results/football
667,https://olympics.com/en/olympic-games/london-1948/results/hockey
668,https://olympics.com/en/olympic-games/london-1948/results/modern-pentathlon
669,https://olympics.com/en/olympic-games/london-1948/results/rowing
670,https://olympics.com/en/olympic-games/london-1948/results/sailing
671,https://olympics.com/en/olympic-games/london-1948/results/shooting
672,https://olympics.com/en/olympic-games/london-1948/results/swimming
673,https://olympics.com/en/olympic-games/london-1948/results/water-polo
674,https://olympics.com/en/olympic-games/london-1948/results/weightlifting
675,https://olympics.com/en/olympic-games/london-1948/results/wrestling
676,https://olympics.com/en/olympic-games/garmisch-partenkirchen-1936/results/alpine-skiing
677,https://olympics.com/en/olympic-games/garmisch-partenkirchen-1936/results/bobsleigh
678,https://olympics.com/en/olympic-games/garmisch-partenkirchen-1936/results/cross-country-skiing
679,https://olympics.com/en/olympic-games/garmisch-partenkirchen-1936/results/figure-skating
680,https://olympics.com/en/olympic-games/garmisch-partenkirchen-1936/results/ice-hockey
681,https://olympics.com/en/olympic-games/garmisch-partenkirchen-1936/results/nordic-combined
682,https://olympics.com/en/olympic-games/garmisch-partenkirchen-1936/results/ski-jumping
683,https://olympics.com/en/olympic-games/garmisch-partenkirchen-1936/results/speed-skating
684,https://olympics.com/en/olympic-games/berlin-1936/results/athletics
685,https://olympics.com/en/olympic-games/berlin-1936/results/basketball
686,https://olympics.com/en/olympic-games/berlin-1936/results/boxing
687,https://olympics.com/en/olympic-games/berlin-1936/results/cycling-road
688,https://olympics.com/en/olympic-games/berlin-1936/results/cycling-track
689,https://olympics.com/en/olympic-games/berlin-1936/results/diving
690,https://olympics.com/en/olympic-games/berlin-1936/results/fencing
691,https://olympics.com/en/olympic-games/berlin-1936/results/football
692,https://olympics.com/en/olympic-games/berlin-1936/results/handball
693,https://olympics.com/en/olympic-games/berlin-1936/results/hockey
694,https://olympics.com/en/olympic-games/berlin-1936/results/modern-pentathlon
695,https://olympics.com/en/olympic-games/berlin-1936/results/rowing
696,https://olympics.com/en/olympic-games/berlin-1936/results/sailing
697,https://olympics.com/en/olympic-games/berlin-1936/results/shooting
698,https://olympics.com/en/olympic-games/berlin-1936/results/swimming
699,https://olympics.com/en/olympic-games/berlin-1936/results/water-polo
700,https://olympics.com/en/olympic-games/berlin-1936/results/weightlifting
701,https://olympics.com/en/olympic-games/berlin-1936/results/wrestling
702,https://olympics.com/en/olympic-games/lake-placid-1932/results/bobsleigh
703,https://olympics.com/en/olympic-games/lake-placid-1932/results/cross-country-skiing
704,https://olympics.com/en/olympic-games/lake-placid-1932/results/figure-skating
705,https://olympics.com/en/olympic-games/lake-placid-1932/results/ice-hockey
706,https://olympics.com/en/olympic-games/lake-placid-1932/results/nordic-combined
707,https://olympics.com/en/olympic-games/lake-placid-1932/results/ski-jumping
708,https://olympics.com/en/olympic-games/lake-placid-1932/results/speed-skating
709,https://olympics.com/en/olympic-games/los-angeles-1932/results/athletics
710,https://olympics.com/en/olympic-games/los-angeles-1932/results/boxing
711,https://olympics.com/en/olympic-games/los-angeles-1932/results/cycling-road
712,https://olympics.com/en/olympic-games/los-angeles-1932/results/cycling-track
713,https://olympics.com/en/olympic-games/los-angeles-1932/results/diving
714,https://olympics.com/en/olympic-games/los-angeles-1932/results/fencing
715,https://olympics.com/en/olympic-games/los-angeles-1932/results/hockey
716,https://olympics.com/en/olympic-games/los-angeles-1932/results/modern-pentathlon
717,https://olympics.com/en/olympic-games/los-angeles-1932/results/rowing
718,https://olympics.com/en/olympic-games/los-angeles-1932/results/sailing
719,https://olympics.com/en/olympic-games/los-angeles-1932/results/shooting
720,https://olympics.com/en/olympic-games/los-angeles-1932/results/swimming
721,https://olympics.com/en/olympic-games/los-angeles-1932/results/water-polo
722,https://olympics.com/en/olympic-games/los-angeles-1932/results/weightlifting
723,https://olympics.com/en/olympic-games/los-angeles-1932/results/wrestling
724,https://olympics.com/en/olympic-games/amsterdam-1928/results/athletics
725,https://olympics.com/en/olympic-games/amsterdam-1928/results/boxing
726,https://olympics.com/en/olympic-games/amsterdam-1928/results/cycling-road
727,https://olympics.com/en/olympic-games/amsterdam-1928/results/cycling-track
728,https://olympics.com/en/olympic-games/amsterdam-1928/results/diving
729,https://olympics.com/en/olympic-games/amsterdam-1928/results/fencing
730,https://olympics.com/en/olympic-games/amsterdam-1928/results/football
731,https://olympics.com/en/olympic-games/amsterdam-1928/results/hockey
732,https://olympics.com/en/olympic-games/amsterdam-1928/results/modern-pentathlon
733,https://olympics.com/en/olympic-games/amsterdam-1928/results/rowing
734,https://olympics.com/en/olympic-games/amsterdam-1928/results/sailing
735,https://olympics.com/en/olympic-games/amsterdam-1928/results/swimming
736,https://olympics.com/en/olympic-games/amsterdam-1928/results/water-polo
737,https://olympics.com/en/olympic-games/amsterdam-1928/results/weightlifting
738,https://olympics.com/en/olympic-games/amsterdam-1928/results/wrestling
739,https://olympics.com/en/olympic-games/chamonix-1924/results/bobsleigh
740,https://olympics.com/en/olympic-games/chamonix-1924/results/cross-country-skiing
741,https://olympics.com/en/olympic-games/chamonix-1924/results/curling
742,https://olympics.com/en/olympic-games/chamonix-1924/results/figure-skating
743,https://olympics.com/en/olympic-games/chamonix-1924/results/ice-hockey
744,https://olympics.com/en/olympic-games/chamonix-1924/results/nordic-combined
745,https://olympics.com/en/olympic-games/chamonix-1924/results/ski-jumping
746,https://olympics.com/en/olympic-games/chamonix-1924/results/speed-skating
747,https://olympics.com/en/olympic-games/paris-1924/results/athletics
748,https://olympics.com/en/olympic-games/paris-1924/results/boxing
749,https://olympics.com/en/olympic-games/paris-1924/results/cycling-road
750,https://olympics.com/en/olympic-games/paris-1924/results/cycling-track
751,https://olympics.com/en/olympic-games/paris-1924/results/diving
752,https://olympics.com/en/olympic-games/paris-1924/results/fencing
753,https://olympics.com/en/olympic-games/paris-1924/results/football
754,https://olympics.com/en/olympic-games/paris-1924/results/modern-pentathlon
755,https://olympics.com/en/olympic-games/paris-1924/results/rowing
756,https://olympics.com/en/olympic-games/paris-1924/results/sailing
757,https://olympics.com/en/olympic-games/paris-1924/results/shooting
758,https://olympics.com/en/olympic-games/paris-1924/results/swimming
759,https://olympics.com/en/olympic-games/paris-1924/results/tennis
760,https://olympics.com/en/olympic-games/paris-1924/results/water-polo
761,https://olympics.com/en/olympic-games/paris-1924/results/weightlifting
762,https://olympics.com/en/olympic-games/paris-1924/results/wrestling
763,https://olympics.com/en/olympic-games/antwerp-1920/results/archery
764,https://olympics.com/en/olympic-games/antwerp-1920/results/athletics
765,https://olympics.com/en/olympic-games/antwerp-1920/results/boxing
766,https://olympics.com/en/olympic-games/antwerp-1920/results/cycling-road
767,https://olympics.com/en/olympic-games/antwerp-1920/results/cycling-track
768,https://olympics.com/en/olympic-games/antwerp-1920/results/diving
769,https://olympics.com/en/olympic-games/antwerp-1920/results/fencing
770,https://olympics.com/en/olympic-games/antwerp-1920/results/figure-skating
771,https://olympics.com/en/olympic-games/antwerp-1920/results/football
772,https://olympics.com/en/olympic-games/antwerp-1920/results/hockey
773,https://olympics.com/en/olympic-games/antwerp-1920/results/ice-hockey
774,https://olympics.com/en/olympic-games/antwerp-1920/results/modern-pentathlon
775,https://olympics.com/en/olympic-games/antwerp-1920/results/rowing
776,https://olympics.com/en/olympic-games/antwerp-1920/results/sailing
777,https://olympics.com/en/olympic-games/antwerp-1920/results/shooting
778,https://olympics.com/en/olympic-games/antwerp-1920/results/swimming
779,https://olympics.com/en/olympic-games/antwerp-1920/results/tennis
780,https://olympics.com/en/olympic-games/antwerp-1920/results/water-polo
781,https://olympics.com/en/olympic-games/antwerp-1920/results/weightlifting
782,https://olympics.com/en/olympic-games/antwerp-1920/results/wrestling
783,https://olympics.com/en/olympic-games/stockholm-1912/results/athletics
784,https://olympics.com/en/olympic-games/stockholm-1912/results/cycling-road
785,https://olympics.com/en/olympic-games/stockholm-1912/results/diving
786,https://olympics.com/en/olympic-games/stockholm-1912/results/fencing
787,https://olympics.com/en/olympic-games/stockholm-1912/results/football
788,https://olympics.com/en/olympic-games/stockholm-1912/results/modern-pentathlon
789,https://olympics.com/en/olympic-games/stockholm-1912/results/rowing
790,https://olympics.com/en/olympic-games/stockholm-1912/results/sailing
791,https://olympics.com/en/olympic-games/stockholm-1912/results/shooting
792,https://olympics.com/en/olympic-games/stockholm-1912/results/swimming
793,https://olympics.com/en/olympic-games/stockholm-1912/results/tennis
794,https://olympics.com/en/olympic-games/stockholm-1912/results/water-polo
795,https://olympics.com/en/olympic-games/stockholm-1912/results/wrestling
796,https://olympics.com/en/olympic-games/london-1908/results/archery
797,https://olympics.com/en/olympic-games/london-1908/results/athletics
798,https://olympics.com/en/olympic-games/london-1908/results/boxing
799,https://olympics.com/en/olympic-games/london-1908/results/cycling-track
800,https://olympics.com/en/olympic-games/london-1908/results/diving
801,https://olympics.com/en/olympic-games/london-1908/results/fencing
802,https://olympics.com/en/olympic-games/london-1908/results/figure-skating
803,https://olympics.com/en/olympic-games/london-1908/results/football
804,https://olympics.com/en/olympic-games/london-1908/results/hockey
805,https://olympics.com/en/olympic-games/london-1908/results/lacrosse
806,https://olympics.com/en/olympic-games/london-1908/results/rowing
807,https://olympics.com/en/olympic-games/london-1908/results/sailing
808,https://olympics.com/en/olympic-games/london-1908/results/shooting
809,https://olympics.com/en/olympic-games/london-1908/results/swimming
810,https://olympics.com/en/olympic-games/london-1908/results/tennis
811,https://olympics.com/en/olympic-games/london-1908/results/water-polo
812,https://olympics.com/en/olympic-games/london-1908/results/wrestling
813,https://olympics.com/en/olympic-games/paris-1900/results/archery
814,https://olympics.com/en/olympic-games/paris-1900/results/athletics
815,https://olympics.com/en/olympic-games/paris-1900/results/cricket
816,https://olympics.com/en/olympic-games/paris-1900/results/cycling-track
817,https://olympics.com/en/olympic-games/paris-1900/results/fencing
818,https://olympics.com/en/olympic-games/paris-1900/results/football
819,https://olympics.com/en/olympic-games/paris-1900/results/golf
820,https://olympics.com/en/olympic-games/paris-1900/results/rowing
821,https://olympics.com/en/olympic-games/paris-1900/results/sailing
822,https://olympics.com/en/olympic-games/paris-1900/results/shooting
823,https://olympics.com/en/olympic-games/paris-1900/results/swimming
824,https://olympics.com/en/olympic-games/paris-1900/results/tennis
825,https://olympics.com/en/olympic-games/paris-1900/results/water-polo
826,https://olympics.com/en/olympic-games/athens-1896/results/athletics
827,https://olympics.com/en/olympic-games/athens-1896/results/cycling-road
828,https://olympics.com/en/olympic-games/athens-1896/results/cycling-track
829,https://olympics.com/en/olympic-games/athens-1896/results/fencing
830,https://olympics.com/en/olympic-games/athens-1896/results/shooting
831,https://olympics.com/en/olympic-games/athens-1896/results/swimming
832,https://olympics.com/en/olympic-games/athens-1896/results/tennis
833,https://olympics.com/en/olympic-games/athens-1896/results/weightlifting
834,https://olympics.com/en/olympic-games/athens-1896/results/wrestling
